centroid-0	centroid-1	label	area	image	labels
4.31	12.67	1	5.11	/media/julian/Data/courses/2024_3_batch_processing/xy_8bit__mitocheck_incenp_t1.tif	/media/julian/Data/courses/2024_3_batch_processing/xy_8bit__mitocheck_incenp_t1_labels.tif
7.55	11.42	2	4.88	/media/julian/Data/courses/2024_3_batch_processing/xy_8bit__mitocheck_incenp_t1.tif	/media/julian/Data/courses/2024_3_batch_processing/xy_8bit__mitocheck_incenp_t1_labels.tif
9.32	2.65	3	7.68	/media/julian/Data/courses/2024_3_batch_processing/xy_8bit__mitocheck_incenp_t1.tif	/media/julian/Data/courses/2024_3_batch_processing/xy_8bit__mitocheck_incenp_t1_labels.tif
25.39	13.2	4	5.75	/media/julian/Data/courses/2024_3_batch_processing/xy_8bit__mitocheck_incenp_t1.tif	/media/julian/Data/courses/2024_3_batch_processing/xy_8bit__mitocheck_incenp_t1_labels.tif
32.65	16.55	5	6.08	/media/julian/Data/courses/2024_3_batch_processing/xy_8bit__mitocheck_incenp_t1.tif	/media/julian/Data/courses/2024_3_batch_processing/xy_8bit__mitocheck_incenp_t1_labels.tif
6.09	19.16	1	25.21	/media/julian/Data/courses/2024_3_batch_processing/xy_8bit__mitocheck_incenp_t70.tif	/media/julian/Data/courses/2024_3_batch_processing/xy_8bit__mitocheck_incenp_t70_labels.tif
7.7	4.11	2	16.96	/media/julian/Data/courses/2024_3_batch_processing/xy_8bit__mitocheck_incenp_t70.tif	/media/julian/Data/courses/2024_3_batch_processing/xy_8bit__mitocheck_incenp_t70_labels.tif
21.94	8.62	3	2.68	/media/julian/Data/courses/2024_3_batch_processing/xy_8bit__mitocheck_incenp_t70.tif	/media/julian/Data/courses/2024_3_batch_processing/xy_8bit__mitocheck_incenp_t70_labels.tif
23.27	7.17	4	7.74	/media/julian/Data/courses/2024_3_batch_processing/xy_8bit__mitocheck_incenp_t70.tif	/media/julian/Data/courses/2024_3_batch_processing/xy_8bit__mitocheck_incenp_t70_labels.tif
25.23	17.41	5	11.11	/media/julian/Data/courses/2024_3_batch_processing/xy_8bit__mitocheck_incenp_t70.tif	/media/julian/Data/courses/2024_3_batch_processing/xy_8bit__mitocheck_incenp_t70_labels.tif
25.03	5.9	6	1.4	/media/julian/Data/courses/2024_3_batch_processing/xy_8bit__mitocheck_incenp_t70.tif	/media/julian/Data/courses/2024_3_batch_processing/xy_8bit__mitocheck_incenp_t70_labels.tif
26.79	7.12	7	2.4	/media/julian/Data/courses/2024_3_batch_processing/xy_8bit__mitocheck_incenp_t70.tif	/media/julian/Data/courses/2024_3_batch_processing/xy_8bit__mitocheck_incenp_t70_labels.tif
31.65	20.64	8	13.42	/media/julian/Data/courses/2024_3_batch_processing/xy_8bit__mitocheck_incenp_t70.tif	/media/julian/Data/courses/2024_3_batch_processing/xy_8bit__mitocheck_incenp_t70_labels.tif
